molecule,group,test,basis,element,seed,n_params,n_flipped,theta_scale,theta_offmanifold_max,energy_ha,delta_energy_ha,delta_energy_rel,state_residual,grad_max_removed,grad_max_kept
NH3,Cs,T2_energy_invariance,adapted,1,1000,135,60,0.5,0.49711136618867047,-40.40992571052039,2.6716406864579767e-12,6.611347681251582e-14,0.0,,
NH3,Cs,T2_energy_invariance,adapted,1,1001,135,60,0.5,0.4841169795989557,-40.93106450315765,4.874323167314287e-12,1.1908615684642785e-13,0.0,,
NH3,Cs,T2_energy_invariance,adapted,1,1002,135,60,0.5,0.48874499698328044,-41.29884668363414,2.7071678232459817e-12,6.555068823069035e-14,0.0,,
NH3,Cs,T2_energy_invariance,adapted,1,1003,135,60,0.5,0.48384172007441417,-41.07159445986713,1.6129320101754274e-12,3.92712294564433e-14,0.0,,
NH3,Cs,T2_energy_invariance,adapted,1,1004,135,60,0.5,0.49229135820600023,-40.92971408837336,7.247535904753022e-13,1.7707272249946605e-14,0.0,,
NH3,Cs,T2_energy_invariance,adapted,1,1005,135,60,0.5,0.49410333751490765,-41.819686428464856,2.0108359422010835e-12,4.8083477279073865e-14,0.0,,
NH3,Cs,T2_energy_invariance,adapted,1,1006,135,60,0.5,0.4995962207576975,-41.0774218796146,1.6271428648906294e-12,3.9611611207229344e-14,0.0,,
NH3,Cs,T2_energy_invariance,adapted,1,1007,135,60,0.5,0.48762546760881265,-40.267724570481704,8.526512829121202e-14,2.117455833442243e-15,0.0,,
NH3,Cs,T2_energy_invariance,adapted,1,1008,135,60,0.5,0.49747362890812985,-38.97873939157306,1.4210854715202004e-14,3.6457963846502165e-16,0.0,,
NH3,Cs,T2_energy_invariance,adapted,1,1009,135,60,0.5,0.4969165455164697,-40.25639562407885,1.4281908988778014e-12,3.547736643425541e-14,0.0,,
NH3,Cs,T2_energy_invariance,adapted,1,1010,135,60,0.5,0.492609334772798,-40.43147401446664,2.6645352591003757e-12,6.590250106011441e-14,0.0,,
NH3,Cs,T2_energy_invariance,adapted,1,1011,135,60,0.5,0.4995179178450687,-40.41715755160524,4.526157226791838e-12,1.1198603516372402e-13,0.0,,
NH3,Cs,T2_energy_invariance,adapted,1,1012,135,60,0.5,0.4906876116702038,-40.876083399640166,1.0516032489249483e-12,2.5726614720974112e-14,0.0,,
NH3,Cs,T2_energy_invariance,adapted,1,1013,135,60,0.5,0.49114804029921144,-41.008538372147925,3.623767952376511e-12,8.836618168370742e-14,0.0,,
NH3,Cs,T2_energy_invariance,adapted,1,1014,135,60,0.5,0.49839061298528586,-41.87990806761714,2.1742607714259066e-12,5.1916560273137594e-14,0.0,,
NH3,Cs,T2_energy_invariance,adapted,1,1015,135,60,0.5,0.49197515639655176,-39.28521381564368,3.765876499528531e-13,9.585989571549512e-15,0.0,,
NH3,Cs,T2_energy_invariance,adapted,1,1016,135,60,0.5,0.49621242423212053,-41.32883131305131,1.2789769243681803e-12,3.0946360778517584e-14,0.0,,
NH3,Cs,T2_energy_invariance,adapted,1,1017,135,60,0.5,0.48338414550942777,-40.39147024453323,2.2737367544323206e-12,5.629249791272599e-14,0.0,,
NH3,Cs,T2_energy_invariance,adapted,1,1018,135,60,0.5,0.4964775173094228,-40.91824969543099,5.286437954055145e-12,1.2919511448813118e-13,0.0,,
NH3,Cs,T2_energy_invariance,adapted,1,1019,135,60,0.5,0.4989425991176655,-40.74274728067017,7.744915819785092e-13,1.9009311685418815e-14,0.0,,
NH3,Cs,T3_removed_gradient,adapted,,1500,135,60,0.0,0.0,-55.45407950831821,,,,2.1504810831731472e-10,1.0727071330520923
NH3,Cs,T3_removed_gradient,adapted,,1501,135,60,0.5,0.0,-43.827039653599925,,,,1.494567735404033e-11,10.33306981129922
NH3,Cs,T3_removed_gradient,adapted,,1502,135,60,0.5,0.0,-40.64477783003409,,,,1.2653315937688731e-11,6.9751928478598275
NH3,Cs,T3_removed_gradient,adapted,,1503,135,60,0.5,0.0,-42.37038625487,,,,1.0255275334351418e-11,8.045027875364855
NH3,Cs,T3_removed_gradient,adapted,,1504,135,60,0.5,0.0,-40.682157395921664,,,,1.6996999530392308e-11,5.136645220104477
NH3,Cs,T3_removed_gradient,adapted,,1505,135,60,0.5,0.0,-40.329577498778434,,,,1.6742924313829106e-11,6.888324182601121
NH3,Cs,T3_removed_gradient,adapted,,1506,135,60,0.5,0.0,-40.938880659444315,,,,1.2383726879364619e-11,7.307112151433712
NH3,Cs,T3_removed_gradient,adapted,,1507,135,60,0.5,0.0,-39.02570111050761,,,,1.8931083245984758e-11,12.426929849717771
NH3,Cs,T3_removed_gradient,adapted,,1508,135,60,0.5,0.0,-40.07871788274519,,,,1.1205925306679148e-11,10.857693671219065
NH3,Cs,T3_removed_gradient,adapted,,1509,135,60,0.5,0.0,-42.51545720588088,,,,1.467302188435532e-11,9.736281205803074
NH3,Cs,T3_removed_gradient,adapted,,1510,135,60,0.5,0.0,-40.24543575386185,,,,1.3551204806812944e-11,15.287140479390711
NH3,Cs,T3_removed_gradient,adapted,,1511,135,60,0.5,0.0,-42.081282738343106,,,,8.545374026913336e-12,6.411246179149563
NH3,Cs,T3_removed_gradient,adapted,,1512,135,60,0.5,0.0,-40.89863702137761,,,,9.298635026503673e-12,7.81553897300234
NH3,Cs,T3_removed_gradient,adapted,,1513,135,60,0.5,0.0,-43.084371210696915,,,,1.0365092370463794e-11,6.678711588932059
NH3,Cs,T3_removed_gradient,adapted,,1514,135,60,0.5,0.0,-43.808617785849975,,,,1.682949305858722e-11,16.139959960911586
NH3,Cs,T3_removed_gradient,adapted,,1515,135,60,0.5,0.0,-42.921961069162776,,,,1.4470346559006001e-11,8.895662739106637
NH3,Cs,T3_removed_gradient,adapted,,1516,135,60,0.5,0.0,-41.95171959961673,,,,1.0003148627445174e-11,10.889514832274369
NH3,Cs,T3_removed_gradient,adapted,,1517,135,60,0.5,0.0,-41.68441084103863,,,,1.417087401336596e-11,5.3737571172403795
NH3,Cs,T3_removed_gradient,adapted,,1518,135,60,0.5,0.0,-39.145251442668254,,,,1.153907071631817e-11,3.7427912046787357
NH3,Cs,T3_removed_gradient,adapted,,1519,135,60,0.5,0.0,-40.13636993796056,,,,1.3041666714894809e-11,14.56676995707047
NH3,Cs,T2_negative_control,rotated_30deg,1,1900,135,60,0.5,0.4964974700840382,-40.68283728854867,0.005026193745514718,0.00012354580163290337,,,
NH3,Cs,T2_negative_control,rotated_30deg,1,1901,135,60,0.5,0.49810039895476765,-40.09762493977414,0.00048496649117169,1.2094643807459926e-05,,,
NH3,Cs,T2_negative_control,rotated_30deg,1,1902,135,60,0.5,0.47898206024145906,-41.29396394580989,0.005425640779662899,0.00013139065038132383,,,
NH3,Cs,T2_negative_control,rotated_30deg,1,1903,135,60,0.5,0.49081719378161315,-40.68085203262666,5.570355512674041e-05,1.3692819187283814e-06,,,
NH3,Cs,T2_negative_control,rotated_30deg,1,1904,135,60,0.5,0.49460962726984414,-40.71830537993721,0.003732654096374688,9.167017294913867e-05,,,
CH4,D2,T2_energy_invariance,adapted,1,1000,230,110,0.5,0.49711136618867047,-26.582515189549387,0.0,0.0,0.0,,
CH4,D2,T2_energy_invariance,adapted,2,1000,230,110,0.5,0.49711136618867047,-26.582515189549387,0.0,0.0,0.0,,
CH4,D2,T2_energy_invariance,adapted,3,1000,230,110,0.5,0.49711136618867047,-26.582515189549387,0.0,0.0,0.0,,
CH4,D2,T2_energy_invariance,adapted,1,1001,230,110,0.5,0.4882089093342594,-25.490202836022956,0.0,0.0,0.0,,
CH4,D2,T2_energy_invariance,adapted,2,1001,230,110,0.5,0.4882089093342594,-25.490202836022956,0.0,0.0,0.0,,
CH4,D2,T2_energy_invariance,adapted,3,1001,230,110,0.5,0.4882089093342594,-25.490202836022956,0.0,0.0,0.0,,
CH4,D2,T2_energy_invariance,adapted,1,1002,230,110,0.5,0.4977920691498944,-26.314729974762674,0.0,0.0,0.0,,
CH4,D2,T2_energy_invariance,adapted,2,1002,230,110,0.5,0.4977920691498944,-26.314729974762674,0.0,0.0,0.0,,
CH4,D2,T2_energy_invariance,adapted,3,1002,230,110,0.5,0.4977920691498944,-26.314729974762674,0.0,0.0,0.0,,
CH4,D2,T2_energy_invariance,adapted,1,1003,230,110,0.5,0.49686439225441603,-26.6468669451433,0.0,0.0,0.0,,
CH4,D2,T2_energy_invariance,adapted,2,1003,230,110,0.5,0.49686439225441603,-26.6468669451433,0.0,0.0,0.0,,
CH4,D2,T2_energy_invariance,adapted,3,1003,230,110,0.5,0.49686439225441603,-26.6468669451433,0.0,0.0,0.0,,
CH4,D2,T2_energy_invariance,adapted,1,1004,230,110,0.5,0.499119547259285,-25.770073140025577,0.0,0.0,0.0,,
CH4,D2,T2_energy_invariance,adapted,2,1004,230,110,0.5,0.499119547259285,-25.770073140025577,0.0,0.0,0.0,,
CH4,D2,T2_energy_invariance,adapted,3,1004,230,110,0.5,0.499119547259285,-25.770073140025577,0.0,0.0,0.0,,
CH4,D2,T2_energy_invariance,adapted,1,1005,230,110,0.5,0.49740485593373973,-25.944362300168716,0.0,0.0,0.0,,
CH4,D2,T2_energy_invariance,adapted,2,1005,230,110,0.5,0.49740485593373973,-25.944362300168716,0.0,0.0,0.0,,
CH4,D2,T2_energy_invariance,adapted,3,1005,230,110,0.5,0.49740485593373973,-25.944362300168716,0.0,0.0,0.0,,
CH4,D2,T2_energy_invariance,adapted,1,1006,230,110,0.5,0.4995962207576975,-25.751299355870113,0.0,0.0,0.0,,
CH4,D2,T2_energy_invariance,adapted,2,1006,230,110,0.5,0.4995962207576975,-25.751299355870113,0.0,0.0,0.0,,
CH4,D2,T2_energy_invariance,adapted,3,1006,230,110,0.5,0.4995962207576975,-25.751299355870113,0.0,0.0,0.0,,
CH4,D2,T2_energy_invariance,adapted,1,1007,230,110,0.5,0.49340425567535695,-26.437523449610524,0.0,0.0,0.0,,
CH4,D2,T2_energy_invariance,adapted,2,1007,230,110,0.5,0.49340425567535695,-26.437523449610524,3.552713678800501e-15,1.3438148567780616e-16,0.0,,
CH4,D2,T2_energy_invariance,adapted,3,1007,230,110,0.5,0.49340425567535695,-26.437523449610524,0.0,0.0,0.0,,
CH4,D2,T2_energy_invariance,adapted,1,1008,230,110,0.5,0.49747362890812985,-26.26308155489041,0.0,0.0,0.0,,
CH4,D2,T2_energy_invariance,adapted,2,1008,230,110,0.5,0.49747362890812985,-26.26308155489041,0.0,0.0,0.0,,
CH4,D2,T2_energy_invariance,adapted,3,1008,230,110,0.5,0.49747362890812985,-26.26308155489041,0.0,0.0,0.0,,
CH4,D2,T2_energy_invariance,adapted,1,1009,230,110,0.5,0.4979583387419463,-26.825206590758846,0.0,0.0,0.0,,
CH4,D2,T2_energy_invariance,adapted,2,1009,230,110,0.5,0.4979583387419463,-26.825206590758846,0.0,0.0,0.0,,
CH4,D2,T2_energy_invariance,adapted,3,1009,230,110,0.5,0.4979583387419463,-26.825206590758846,0.0,0.0,0.0,,
CH4,D2,T2_energy_invariance,adapted,1,1010,230,110,0.5,0.4978700683156747,-26.23002114528173,0.0,0.0,0.0,,
CH4,D2,T2_energy_invariance,adapted,2,1010,230,110,0.5,0.4978700683156747,-26.23002114528173,0.0,0.0,0.0,,
CH4,D2,T2_energy_invariance,adapted,3,1010,230,110,0.5,0.4978700683156747,-26.23002114528173,0.0,0.0,0.0,,
CH4,D2,T2_energy_invariance,adapted,1,1011,230,110,0.5,0.49923147111972876,-26.394403947703708,0.0,0.0,0.0,,
CH4,D2,T2_energy_invariance,adapted,2,1011,230,110,0.5,0.49923147111972876,-26.394403947703708,0.0,0.0,0.0,,
CH4,D2,T2_energy_invariance,adapted,3,1011,230,110,0.5,0.49923147111972876,-26.394403947703708,0.0,0.0,0.0,,
CH4,D2,T2_energy_invariance,adapted,1,1012,230,110,0.5,0.4982568887384221,-26.453758609623847,0.0,0.0,0.0,,
CH4,D2,T2_energy_invariance,adapted,2,1012,230,110,0.5,0.4982568887384221,-26.453758609623847,3.552713678800501e-15,1.3429901327927093e-16,0.0,,
CH4,D2,T2_energy_invariance,adapted,3,1012,230,110,0.5,0.4982568887384221,-26.453758609623847,0.0,0.0,0.0,,
CH4,D2,T2_energy_invariance,adapted,1,1013,230,110,0.5,0.49876395760737025,-25.9080932193575,0.0,0.0,0.0,,
CH4,D2,T2_energy_invariance,adapted,2,1013,230,110,0.5,0.49876395760737025,-25.9080932193575,0.0,0.0,0.0,,
CH4,D2,T2_energy_invariance,adapted,3,1013,230,110,0.5,0.49876395760737025,-25.9080932193575,0.0,0.0,0.0,,
CH4,D2,T2_energy_invariance,adapted,1,1014,230,110,0.5,0.49839061298528586,-26.913934052408294,3.552713678800501e-15,1.3200276376847997e-16,0.0,,
CH4,D2,T2_energy_invariance,adapted,2,1014,230,110,0.5,0.49839061298528586,-26.913934052408294,0.0,0.0,0.0,,
CH4,D2,T2_energy_invariance,adapted,3,1014,230,110,0.5,0.49839061298528586,-26.913934052408294,3.552713678800501e-15,1.3200276376847997e-16,0.0,,
CH4,D2,T2_energy_invariance,adapted,1,1015,230,110,0.5,0.4934557563971488,-25.95770507695911,0.0,0.0,0.0,,
CH4,D2,T2_energy_invariance,adapted,2,1015,230,110,0.5,0.4934557563971488,-25.95770507695911,0.0,0.0,0.0,,
CH4,D2,T2_energy_invariance,adapted,3,1015,230,110,0.5,0.4934557563971488,-25.95770507695911,0.0,0.0,0.0,,
CH4,D2,T2_energy_invariance,adapted,1,1016,230,110,0.5,0.49884307204484324,-25.967000196884314,0.0,0.0,0.0,,
CH4,D2,T2_energy_invariance,adapted,2,1016,230,110,0.5,0.49884307204484324,-25.967000196884314,0.0,0.0,0.0,,
CH4,D2,T2_energy_invariance,adapted,3,1016,230,110,0.5,0.49884307204484324,-25.967000196884314,0.0,0.0,0.0,,
CH4,D2,T2_energy_invariance,adapted,1,1017,230,110,0.5,0.49847215072154605,-26.069698594754808,3.552713678800501e-15,1.3627751260289993e-16,0.0,,
CH4,D2,T2_energy_invariance,adapted,2,1017,230,110,0.5,0.49847215072154605,-26.069698594754808,0.0,0.0,0.0,,
CH4,D2,T2_energy_invariance,adapted,3,1017,230,110,0.5,0.49847215072154605,-26.069698594754808,0.0,0.0,0.0,,
CH4,D2,T2_energy_invariance,adapted,1,1018,230,110,0.5,0.4989801740977091,-26.966638434541924,0.0,0.0,0.0,,
CH4,D2,T2_energy_invariance,adapted,2,1018,230,110,0.5,0.4989801740977091,-26.966638434541924,0.0,0.0,0.0,,
CH4,D2,T2_energy_invariance,adapted,3,1018,230,110,0.5,0.4989801740977091,-26.966638434541924,0.0,0.0,0.0,,
CH4,D2,T2_energy_invariance,adapted,1,1019,230,110,0.5,0.4895538762275442,-26.151608667465954,0.0,0.0,0.0,,
CH4,D2,T2_energy_invariance,adapted,2,1019,230,110,0.5,0.4895538762275442,-26.151608667465954,3.552713678800501e-15,1.3585067457897047e-16,0.0,,
CH4,D2,T2_energy_invariance,adapted,3,1019,230,110,0.5,0.4895538762275442,-26.151608667465954,0.0,0.0,0.0,,
CH4,D2,T3_removed_gradient,adapted,,1500,230,165,0.0,0.0,-39.72681011479772,,,,2.321466883643639e-15,0.8139589291814261
CH4,D2,T3_removed_gradient,adapted,,1501,230,165,0.5,0.0,-26.26634136239824,,,,3.716921438813558e-16,3.587432261348415
CH4,D2,T3_removed_gradient,adapted,,1502,230,165,0.5,0.0,-26.024555713548843,,,,5.523113755151243e-16,4.792654822507693
CH4,D2,T3_removed_gradient,adapted,,1503,230,165,0.5,0.0,-26.583313724761698,,,,3.637196364808088e-16,6.631200690878842
CH4,D2,T3_removed_gradient,adapted,,1504,230,165,0.5,0.0,-28.973427153935955,,,,4.3269459433671914e-16,11.361893376841172
CH4,D2,T3_removed_gradient,adapted,,1505,230,165,0.5,0.0,-24.276991993306087,,,,2.766259859040319e-16,5.028312629408277
CH4,D2,T3_removed_gradient,adapted,,1506,230,165,0.5,0.0,-26.14804523659144,,,,2.1473781523003168e-16,4.640338827081789
CH4,D2,T3_removed_gradient,adapted,,1507,230,165,0.5,0.0,-29.30175052461048,,,,4.3722659739236513e-16,5.1598320495647005
CH4,D2,T3_removed_gradient,adapted,,1508,230,165,0.5,0.0,-26.44087352912738,,,,3.743242155048932e-16,5.078045946811045
CH4,D2,T3_removed_gradient,adapted,,1509,230,165,0.5,0.0,-27.968892420016196,,,,3.7195323107940515e-16,6.038221402141948
CH4,D2,T3_removed_gradient,adapted,,1510,230,165,0.5,0.0,-25.847196274428338,,,,2.5416269134790294e-16,4.670411857235312
CH4,D2,T3_removed_gradient,adapted,,1511,230,165,0.5,0.0,-25.468027977717938,,,,5.458579424513451e-16,5.410418738178574
CH4,D2,T3_removed_gradient,adapted,,1512,230,165,0.5,0.0,-27.068008946052633,,,,5.667547064405187e-16,3.152700938626266
CH4,D2,T3_removed_gradient,adapted,,1513,230,165,0.5,0.0,-25.986124368587298,,,,2.699045923619585e-16,2.867059371894375
CH4,D2,T3_removed_gradient,adapted,,1514,230,165,0.5,0.0,-26.839062092711554,,,,3.461069592948789e-16,3.4813498080297656
CH4,D2,T3_removed_gradient,adapted,,1515,230,165,0.5,0.0,-25.854585111337816,,,,3.985812276331916e-16,6.169776336133211
CH4,D2,T3_removed_gradient,adapted,,1516,230,165,0.5,0.0,-25.89272933040091,,,,3.0158651660573946e-16,4.071394811263791
CH4,D2,T3_removed_gradient,adapted,,1517,230,165,0.5,0.0,-26.167716276810662,,,,2.469488139969544e-16,4.724523375326803
CH4,D2,T3_removed_gradient,adapted,,1518,230,165,0.5,0.0,-28.462735537414282,,,,4.976259092324406e-16,4.735265147174794
CH4,D2,T3_removed_gradient,adapted,,1519,230,165,0.5,0.0,-26.090051936484198,,,,2.7325622431769435e-16,3.537262389178453
CH4,D2,T2_negative_control,rotated_30deg,1,1900,230,110,0.5,0.4964974700840382,-26.65457962891057,0.003520489522447434,0.00013207822338450902,,,
CH4,D2,T2_negative_control,rotated_30deg,2,1900,230,110,0.5,0.4964974700840382,-26.65457962891057,0.0035204895224438815,0.00013207822338437574,,,
CH4,D2,T2_negative_control,rotated_30deg,3,1900,230,110,0.5,0.4964974700840382,-26.65457962891057,0.0,0.0,,,
CH4,D2,T2_negative_control,rotated_30deg,1,1901,230,110,0.5,0.49894563697177696,-26.58139684596149,0.008105092251668111,0.00030491596429777233,,,
CH4,D2,T2_negative_control,rotated_30deg,2,1901,230,110,0.5,0.49894563697177696,-26.58139684596149,0.008105092251668111,0.00030491596429777233,,,
CH4,D2,T2_negative_control,rotated_30deg,3,1901,230,110,0.5,0.49894563697177696,-26.58139684596149,0.0,0.0,,,
CH4,D2,T2_negative_control,rotated_30deg,1,1902,230,110,0.5,0.4956470870066586,-26.78430104909341,0.00567916404806823,0.00021203331151553262,,,
CH4,D2,T2_negative_control,rotated_30deg,2,1902,230,110,0.5,0.4956470870066586,-26.78430104909341,0.00567916404806823,0.00021203331151553262,,,
CH4,D2,T2_negative_control,rotated_30deg,3,1902,230,110,0.5,0.4956470870066586,-26.78430104909341,0.0,0.0,,,
CH4,D2,T2_negative_control,rotated_30deg,1,1903,230,110,0.5,0.49081719378161315,-26.5284246974525,0.006739286800090838,0.000254040218254573,,,
CH4,D2,T2_negative_control,rotated_30deg,2,1903,230,110,0.5,0.49081719378161315,-26.5284246974525,0.006739286800087285,0.00025404021825443907,,,
CH4,D2,T2_negative_control,rotated_30deg,3,1903,230,110,0.5,0.49081719378161315,-26.5284246974525,0.0,0.0,,,
CH4,D2,T2_negative_control,rotated_30deg,1,1904,230,110,0.5,0.4962482351097346,-26.224666415393422,0.004336769521334105,0.00016536986410582127,,,
CH4,D2,T2_negative_control,rotated_30deg,2,1904,230,110,0.5,0.4962482351097346,-26.224666415393422,0.004336769521334105,0.00016536986410582127,,,
CH4,D2,T2_negative_control,rotated_30deg,3,1904,230,110,0.5,0.4962482351097346,-26.224666415393422,0.0,0.0,,,
